"name","hash"
"07-ניגוני מירון.mp3","d0753f7119150857f5754fcdcc81f386"
"12 בצאת ישראל מודזיץ.mp3","fab49b63f8a898e542986e21900eb28d"
"15 הללו.mp3","3027653ce52184b3b4ee62e82d131390"
"מאיר אדלר ל_ג בעומר.mp3","9c68052ff4d63d3aaa7b32f023adf2ef"
"LOVE ME -  ניסים בלאק ואוריה.mp3","56e5bcc2b37beab4f8394de7436761b7"
"Unspoken Words - שמילי אונגר.mp3","f41b498da1c8b2e91e45b0e6ae936153"
"אבינו מלכנו שימי וייס ואלי ברגשטיין.mp3","931fdd2282f041b46a4ab62b7e507560"
"אברימי מושקוביץ ואמרתם כה לחי.mp3","6c480c9d6d24c330e131c7e0c88c01d2"
"אברימי מושקוביץ זכות ר שמעון.mp3","43b282a3862c5f8741056bec959ab2b8"
"אברימי מושקוביץ חוס ורחם .mp3","0e3cbb77fcd82105e236432573ff2c9a"
"אברימי מושקוביץ לכבוד התנא.mp3","588b800cbc0359578a7a80018061dd3a"
"אדון הסליחות (קאבר) - שמעון.mp3","c9d4f087d3051e27b383815228a945a4"
"אהבת עולם - אלי לעוין.mp3","ad56ebebc12c72b6aeaad44dea24940f"
"אושפיזין קדישין -  שלום וועג.mp3","004638338803691e3f07285fd147b252"
"איש אלוקים קדוש.mp3","7d335717fa066985c5b72034b6a45817"
"בר יוחאי מירון.mp3","3ad2ec7695901dff6deac470904470cb"
"בר יוחאי תוא_י.mp3","989f0a4c871fb7a9e341ae206fcb5919"
"הבן יקיר לי & סדר ניגונים אברהם פריד.mp3","0dbb3b73f2bc29e8951ed287b05046a5"
"הושענא - קובי ברומר וארי גולדוואג.mp3","2a53afabbe41919f4aac93b930da0587"
"היט אויף מיר מלך פראנק.mp3","f8c1ce1d432a711c72bcaeea35cb3533"
"העם הזה - מענדל ראטה.mp3","a802e641a71b862ca6df6fef022bc228"
"הקפה בּ׳ - שייע גרוס וארי סאמעט.mp3","61896bfe696d25130896afb90c1d8195"
"השם ישמור ווקאלי - קובי ברומר.mp3","fb487d1a4c8754f8d0a9d46c7493c69e"
"וקרב פזורינו - שמילי אונגר.mp3","cf0f21267375912a2c1fd483c30fe2b0"
"זיידע שלי עמירן דביר.mp3","b53f7166c0e8a5958101398cc2e0d0d8"
"ילד טוב דייויד טויב ומרדכי רוט.mp3","d955fa2795f6681095195a50a3682f71"
"ישראל סוסנה ותזמורתו - מחרוזת חנוכה שמח.mp3","26cf4129e2292ce5f4c004b2d40ec00b"
"כי אלוקים צמאה - אסף הרוש.mp3","55f1df4be420ad281f2f506968a2c8b3"
"לכבוד התנא.mp3","b681d2919ed5b207d3f6c5e0b55a11c7"
"מחשבות טובות רמיקס 2024 - מוטי וייס ודי ג_י רוני מלר.mp3","b14c0164f282c0ed879d158704cac891"
"סט חנוכה חסידי נחמן פלימר.mp3","131f181cb8fccdb7da06b6d4406cfe9b"
"עינינו תלויות ארי היל ויואלי קליין ושייע גרוס.mp3","738acae9ed28160f4df13fb04de123a3"
"על החלון.mp3","ce5df49d107b6858df1c779bd6e1e769"
"רבי ישעי_לע ווקאלי - מקהלת ידידים העולמית.mp3","2a9c90bb947230b2f9085dae23b95870"
"שבת וינפש - גד אלבז.mp3","a2df14edb24ee96fc2fe38d787475c34"
"תורתו מגן.mp3","9cc542e0bd243f9f1860b8e79b141ccc"
"תן לי תפילה איציק דדיה ופריילך.mp3","e9fba2ef7d68b3d2eb6cd42735d2fff3"
"Sound 01.mp3","3cb12bd2b77869d22cf5ff48febef27a"
"Sound 02.mp3","67c4193e03e8ae35ffc97f4d5219d66e"
"Sound 03.mp3","4efe29025185872fd44579a2c5cf4aba"
"Sound 04.mp3","333fede69f472a2d27ff437efe0b81c4"
"Sound 05.mp3","71500c65360d0fa850babe8b24034f7f"
"Sound 06.mp3","ee6900f38552d847d0c47fe5286ccd40"
"Sound 07.mp3","5c138ab9565194a4d6cca26d9d34fe2a"
"Sound 08.mp3","4a69be446368e765fe0fc97e8bce440e"
"Sound 09.mp3","345fc99ce09bb601aafca47a8467db68"
"Sound 10.mp3","636feb7c3df6a9db441b715c31051ea2"
"Sound 11.mp3","0b697313e70ddbe494cb3599e4b5feae"
"Sound 12.mp3","42bb328bd4eb4903ee9eabdafa3e89fd"
"Sound 13.mp3","f542483dd985431604ff079c17374b0a"
"Sound 14.mp3","9d6627698c41de8cc14840f9213c0263"
"Sound 15.mp3","6f73e0e7ba8dce2473dcf791849d9e86"
"Sound 16.mp3","5acde4b5b8d79bc29a0ef0e0db41418b"
"Sound 17.mp3","76156bcb89778af8eaa2f63dbe75517e"
"Sound 18.mp3","140dd688161506b93cc8d3dc0b5b0af4"
"Sound 19.mp3","baccfe188286111d331377e59b2e4de9"
"Sound 20.mp3","bea2ee7f90b6a990bd98db0c3d1f0f6a"
"Sound 21.mp3","e915c4255e7072997bf99f32f630dd05"
"Sound 22.mp3","569acea343759ba8e37a05371cd2bc9d"
"Sound 23.mp3","ea727e384534fed138ce5d7c844be520"
"Sound 24.mp3","d0778a0217b64a1fccb8aed48d1b8c5c"
"Sound 25.mp3","b2cc5713358f74198d81aec253ca1b4c"
"Sound 26.mp3","0e6aa4f0f0c73bc6625296f03344d29b"
"Sound 27.mp3","a1c8d6c41523707d1de47de1214b6b59"
"Sound 28.mp3","7b45f2815c087d80cc9a66fcffe784ec"
"Sound 29.mp3","3727a49de42a089808f6e8437e9d8328"
"Sound 30.mp3","18d435384cb659f81a85c41595945f94"
" רפיח.mp3","0a5ba7670ed08ec234b63628badef926"
"ElishaJamsShlomo.mp3","12d9aef34b6a180bb14b717c1a4fadfc"
"הנה ימים באים.mp3","03ad39fa1e9e07e0c185d0bf07e97f81"
"Dodi-Shalach-Yodo_YMS.mp3","23afd2287ab12d983421872f071fcb5c"
"Dodi Shalach Yodo_PB_Gm_86BPM.mp3","a11f668d8347fa5486b17a272048fc4c"
"Dodi Shalach Yodo.mp3","3d3367f9616143cc513cc1680d762baa"
"דודי שלח ידו מן החר-01.mp3","9a182694a4b39718b20517eb2121e85f"
"דודי שלח ידו מן החר-03.mp3","c7bc131fecac1260d2b3e5a028c93881"
"דודי שלח ידו מן החר.mp3","9eff2083ed820e6ed3065abd22addf1a"
"ההני מוכן ומזומן.mp3","c30233db62e8897492d959d9034a2746"
"DodiLee_MP_2.mp3","5c8e326cd19c2c22ea56f26470ba2f2c"
"ואתם תהיו לי.mp3","34ecf5a63a941153ab6311a976b1f63c"
"ואתם תהיו לי _ ווקאלי.mp3","45d717828dd309d69313da19fc5711f8"
"STEREO MIX_הא לחמא.mp3","899274ad8a231101439394b82552bf48"
"הא לחמא.mp3","0d35c0d89af0c8f273ec613e4b4c5b64"
"נועם זיווך.mp3","e25a050b971e0077d3fe5e98849b1662"
" לא נתנשי מינך.mp3","fb2886492830fd2e4739c2b174724e71"
"יוסף.mp3","8b2a7951d84d445dd0558b0952b2bded"
"Crazy Beat.mp3","c55446eb21ad709b4116011acd44f081"
"Nachamu_voice.mp3","59ea73c83a457f7af365841babd9d953"
"Nachamu.mp3","fff9400aa840d510cbddeb8aed329883"
"DodiLee_MP.mp3","3b65b908c95e2d191de8d1cef6780afc"
"והביאנו-משפחת-סומרס-01.mp3","64e446c6cff26a84f4ff9abfc48b7a60"
"והביאנו-משפחת-סומרס.mp3","08773b37c7444c723ab49b884e7f2ade"
"והביאנו-אורי.mp3","a0d2c60158b1a80ece007621b2aa771c"
"והביאנו-משפחה.mp3","6013b3d9ba05511c6144bde4048fff8d"
"והביאנו.mp3","7f4397df469be04a35249066eb529cd7"
"שושנת ליטאי חדש.mp3","828a5cc2f3c60372cac4f1aecc566893"
"2 by 4.mp3","d9a8e65262f3dd3ef1b8222916fabf35"
" ונהפוך.mp3","245aa9d80ed904c0a6fe1b23fdb1c798"
"הללו.mp3","78b076ab42b70391c74b2f471665f2b3"
"mahdodeichorch.mp3","d344596d93d7f6fd14571983029c400e"
"בן אדם.mp3","f7ca096838b68e4c38276d550d296cf7"
"לא-ימים.mp3","91fcdb3d3726837c4235d5bfbe01fbfc"
"Nefgusch-01.mp3","2400983a83af4817a4b7bde6a88c6698"
"Buk.mp3","386e3bab5c6a8aeed53cf548a462ec5e"
"קורוני.mp3","7af17420708a4a75f9451177dd537283"
"מה אשיב.mp3","4834a8e7d89baad36158b5c10c6b97fa"
"מה אשיב - פלייבק.mp3","84bcfc1b0e5137e1f0900d469001421c"
"מן המצר.mp3","56aae96754cd7a3a3670a3c53b595d1e"
"אדיר הוא - זיידי.mp3","ff746c337fb669e4aeb6f9f3fb046d8a"
"Statement_2.6.mp3","61ce5fc6c5755b94acdc7199d0bf9e49"
"Statement_2.5.mp3","9ec8096f470cd03434918445266c49c2"
"Statement_2_Playback.mp3","22cf34d41a46ca9cc5b7a5e2233c9463"
"Statement_2.mp3","90752117cf022860d5d12642d1c3e44d"
"Herrliche 2.mp3","77e01bbde7394b679ff68bc73465b9c5"
"Bump.mp3","5813bf310c068ff1ac4de1c7bf604335"
"Herrliche 1.mp3","8318a24ec309c176bbeb295174132cf9"
"נער הייתי.mp3","963d3c3c3cb45473a5c9245033e989af"
"נעימה .mp3","4dbd536973f6bc56ec535ec8f0afc763"
"נשיר כולנו .mp3","9c6857079b5e45ce78504beea3a1e4a4"
"פלאי הבריאה .mp3","f6931507bdb01376bac709877364da41"
"קדש לי כל בכור .mp3","e5ba81700385534664b5d2ad9a5e63a8"
"רמזים .mp3","1f728d5aab12775fa21dc88be33925f3"
"אם אשכחך .mp3","24ad7c9440f3f116f406df745b778f8e"
"בואי .mp3","9c96375e55daeff6ef5ace6ca6c413de"
"בואי כלה .mp3","ef0e0ad615480a84fe0a9bdaa0034e22"
"בניין עולם .mp3","7b98d7a485deec7a7233b50299944fa2"
"ברכת כהנים .mp3","13edffd697cc17d8416377e761f380ec"
"הינך יפה רעייתי .mp3","a0e2c653722fa5751eff0dfa7f99f6f7"
"התנערי .mp3","34f1f8425980df72a5848fedf3d21517"
"זה היום .mp3","5e581f15385f100b0b6d264fa4777dc0"
"ישימך .mp3","12906119760266733b608cc9d0da8f07"
"מהרה .mp3","ed003ea687df3d618a1bb2300597f801"
"מזמור לדוד .mp3","b9696347cf201b56b51456ea953692a4"
"מי שברך לקהל .mp3","517b6e025b1a0aec6b882ebed10c4ed3"
"על נהרות בבל .mp3","fd5e376432c737d71ec665eeeda1e0c2"
"ציפור גן עדן .mp3","c454ffceb0abf2250b408b0aa053c7f8"
"שיר למעלות .mp3","8614210e465b96d45769f73eeb97577d"
"תפילה .mp3","4c3573555a804033cfcbe9574d5764c8"
"זמנים מתוקים .mp3","226e0730e4362a95fc43c293329e8224"
"אמן .mp3","95b6d9dbe3dc0e4707ceb3592c7b5463"
"אמא .mp3","0a70ccab1c21e48220b55cefff54070c"
"פתיחה לשיר אמא .mp3","9b52951ec6ba6c4bb61ee4d11a35c473"
"שר מהלב .mp3","dec73380ca1d5379c8cbe8a7ba39fd78"
"קטה .mp3","b6c8a03b95f474ceaf0fc9ec6606637f"
"שהלב בוכה .mp3","fbbfd2fb58c77621938dd21dbdd70abc"
"אסור .mp3","7ca799ab798b762c91f528d8b94a1593"
"תפילת אב .mp3","9de1020dce6cdf2531a1b8e59b7bc6ba"
"הניצוץ בך .mp3","28e8f8a00af44d4bf11b71c52782ee83"
"העם מחפש מנוח .mp3","71cf76262b4d9f7b9131efa834cc199b"
"אחות קטנה .mp3","0f7757bbb116dcf243f1b9b63d0840b3"
"הילד שבקשתי .mp3","1b8c358437cc1f7d4578e45b6afda765"
"מי שברך .mp3","4c9d3a3ef359602805735668b42be7e7"
"אנא בכח .mp3","a2e6002d3b4027d1335a5726cb241a02"
"פיאסטה .mp3","322479267fd3e1cf43f66121adff6ee8"
"תפילה לדרך .mp3","07bf36ed3c05cb227c12b0dea9c50e83"
"אור .mp3","2aa324b32e72360c14f3d7f2a01325f3"
"ניגון קטן .mp3","ae97fd66b6c2b57926efccd1394c8b8f"
"אבינו מלכנו .mp3","b070c315d16eecf5163b46e1544a1288"
"תפילת הפרנסה .mp3","d806920e32c6a0ca4e03516d7615d2f0"
"תפילה לעני .mp3","e575a0d28987b37c2be3c2a76be06313"
"שיר המעלות .mp3","a13a7b49f80af47400884f14b37903bc"
"שיר הכבוד .mp3","6aa900d4a30d5e09e8407d353fa20be4"
"צמאה לך נפשי .mp3","96bd9c27c1899e403228af9e6daffec2"
"לשם יחוד .mp3","23a0d77bea8c1c49cc62b74995080962"
"אחיי ורעיי .mp3","1cfb2643c833d0399961ed7fbd055206"
"ידיד נפש .mp3","9ee224251b7d19c8f11bae787ce707f6"
"ברכת המזון .mp3","b6948d30c6b0605d6193c1b40e09872f"
"אעופה אשכונה .mp3","edc22a5e5bc28ea2e26bf70129e0a66e"
"אנעים זמירות .mp3","e717850a075af9476362ad604512ecf3"
"אל אדון .mp3","989711397a560cf7229ddceeb0449acb"
"אבינו מלכנו  .mp3","1b28114ef23bf879108b640eec689020"
"הלילה זה הזמן .mp3","94b0bcc6e51043408c8a40b0fff07686"
"אל תחייה בסרט  .mp3","de1b669f3ae55ed1a0b3db9c994cc97f"
"הלילה זה הזמן רמיקס .mp3","92c06c40f8d2f03ca313c6572a2df66d"
"The One .mp3","048bfacedd7e21f01e5858acdc136083"
"אינשאללה .mp3","2313d7b4e9bf1b0a100bf2bfc2fbb1e8"
"אל תבכי .mp3","a05667b1099e0462797672c922da1b52"
"הלילה זה הזמן - רמיקס .mp3","2b88a11cc44c2b85e20bba3e530691ef"
"כשהדמעות זולגות .mp3","136949b701677f0e60061ffbaf29c115"
"מעבר לים .mp3","8fc6726966598d46c8a5e970d72f9b71"
"משעויות .mp3","2ac408181786308ab96c3547b6e10a57"
"עקבות בחול .mp3","6de56e3ed463221edc9e92820287d59b"
"בשוב האמונה .mp3","cf02b358d87596753cb0cb8d4d0a0aa7"
"השער שלי לגן עדן .mp3","c8da0e184979d69fafe635c74a7d569f"
"זה הזמן שלנו - רמיקס .mp3","7cb0335f920811ea9a0eef1309df69d4"
"זה הזמן שלנו .mp3","0c63c623366d6b3331b7aaead0cb125e"
"חלק ממני .mp3","8ad08c54319462abb61f6faecfa44e85"
"יהיה לי טוב - רמיקס .mp3","2c87a13ebec616afc0754ba9911d6cfa"
"יהיה לי טוב .mp3","c13b1ec888dedca97202b02506868443"
"כבתחילה .mp3","d30b55c4696b326f6e22d0afd69a0d0e"
"לכל מי .mp3","05a73b45bccb7c08c50d37e9ee4fe81a"
"לשמור על התקווה .mp3","311bbd3a4708e6d3b76c27705fc1533c"
"מילים של רוח - רמיקס .mp3","c347a2f60c8d3480bf81b3078c4917ea"
"מילים של רוח .mp3","21b01ac5474c7f097394bd59e59b19cc"
"סיפור של הלב - רמיקס .mp3","3adf84eaa99a5d780b84bc1b00145ffe"
"עד לאן שרואים .mp3","ab8ffe1c625cb2fcc84d78c664937289"
"רגע לפני .mp3","cc3cd26e79f7995ffc7227813f08b9d5"
"רוצה לחזור .mp3","dfd81ca3fd6840918efbbd29d65dccc9"
"רק כאן .mp3","9b293eadcfbf13c4c13e964a32c6fb78"
"intro .mp3","72f77472400cb58be468341c97f2824e"
"הכל מלמעלה .mp3","b7b5e858dd62658aa62a26e0f0719a17"
"לעולם ועד .mp3","dec696bed749e404b6746bce21a83a0a"
"סיפור של הלב .mp3","f57596e023d7938b4f14d35bea5ee403"
"Como Vivir .mp3","38bc0a59439506f41bb5c3fef1be5d94"
"Give Ya Me Thanks.mp3","51f3dad4b2985959e7ebb7bbf6cd311d"
"Hashem Melech #2.0 .mp3","0ef46b0261a6d84106e1d17914dc0d30"
"Hava Nagila .mp3","589080e1a7905473d6303cb7dd44e414"
"If Only .mp3","c2c80e7151f72426a2c2816e5ac02b89"
"In the Beginning .mp3","db3f641b8491b52fc5694dba122d97b2"
"L_chaim .mp3","8e35693268e97f09b1bd2877913ea8dd"
"My Child .mp3","4a0de5495770252a6abfd5afc5cb2701"
"Ochi Chorne .mp3","b2625027c024b0fcfc583fe761d25f92"
"Olele .mp3","c5820fbb49c2ec1d354eb30a94392408"
"On & On .mp3","f94a629e8063b47d2aaae42ffbaa9173"
"Open Up .mp3","a6125e298dd1d41314555c2bfd285daf"
"Save Me from My Selfie .mp3","33248bc8d0960d53097f8bdfb1ef52be"
"Till the Day I Die .mp3","b9098e496c1242d7a19dfe746f342053"
"True Love .mp3","cac265a99d11919bed97d4fe81da7b4b"
"When I Fall .mp3","99b935bd3325d0708e1047185b76eb75"
"אני נשבע לך .mp3","7fd696b56f68a0a72eb0da97b900085a"
"יממא .mp3","f676d90acc3f809547bbcaeae555558d"
"כנראה .mp3","5b3084b10835d1ebdc356ff76eb27fc8"
"שירים לבית אבי .mp3","f5654c4d03948576125d5ff668aa5914"
"עולם של ילדים .mp3","4146c808fa9b43e3805511a37d5c3b6f"
"בין הטיפות .mp3","3b614e89b461abc0bb3b2540cbdb80d7"
"אני ככלי .mp3","18789db0f68e3dcb52b73751761343e0"
"אור בקצה המנהרה .mp3","b090036b11c64b5ae089e07918234fc4"
"אם נאמין .mp3","93071dc9a0cb5bfc5fa00492c7088a0f"
"ביילה קונמיגו .mp3","c74a8da6b331b6396a6eddc73c2a8dc9"
"בעקבות החלום .mp3","160d95dd902eba51812c55828d5f314f"
"ברכת שמים .mp3","473c029e67e27d6c4d2cfd6e1bd8deb1"
"האמונה .mp3","fb1220a62a67c0bdc03950bdeb2aa705"
"השיבה שופטינו .mp3","8e2e2eb2ace64d2bb300bacc64a22c3b"
"זת לערוסה .mp3","4d9a89480d1ddb54a19e85085322c67e"
"יהי שם .mp3","50fbee333ba5191e00777951aa6cbbee"
"כשהנשמה בקרבי .mp3","5d45b2836be5d80b5ffe3ad58749befd"
"לב מרגיש - נעימה .mp3","f6594bd28a9a782669c7e29b447e801a"
"לב מרגיש .mp3","000a699208ffecb651b3350ce1a75f18"
"נחמן מאומן .mp3","8b97b7ce71de3df3b87b7b45b38b5c8c"
"נקדישך ונעריצך .mp3","c4eeb84053fa4039165724ff3cbbb7d9"
"עלית על כולנה .mp3","8c1d52e2a8d23eee3a086c6d0b4489b8"
"תעתועי .mp3","a493ae6fd2e605d200825a1207e12e27"
"חייל בגיזרה .mp3","e58a85bdbed6039450df7bc36c2b8e61"
"יד ביד .mp3","ffde8d142a1968f0678d337e73ae493b"
"לך בדרכים ישרות .mp3","8112cf5ee43b5e5a254fb3751e1c1828"